Wall time,Step,Value
1614015347.0179484,9,11417.34765625
1614015511.034386,19,11413.7783203125
1614015679.0325022,29,11412.4814453125
1614015844.074285,39,11411.814453125
1614016011.4097607,49,11411.2919921875
1614016176.583988,59,11411.001953125
1614016343.093039,69,11410.8330078125
1614016509.0425465,79,11410.396484375
1614016674.6823528,89,11410.3310546875
1614016842.1902347,99,11410.19140625
