Wall time,Step,Value
1617054182.5267198,9,11415.1162109375
1617061483.4345968,19,11409.9599609375
1617068782.9198885,29,11408.6435546875
1617076078.8588693,39,11408.345703125
1617083380.0835586,49,11408.228515625
1617090684.0242672,59,11408.0908203125
1617098006.995482,69,11408.00390625
1617105319.293444,79,11407.92578125
1617113628.2361586,89,11407.8369140625
1617121180.0145793,99,11407.7763671875
