Wall time,Step,Value
1616981349.2707393,9,11414.4521484375
1616988619.454692,19,11410.001953125
1616995885.5532184,29,11408.6142578125
1617003154.3789716,39,11408.1748046875
1617010423.7580323,49,11408.1083984375
1617017702.5931034,59,11408.013671875
1617024996.1293445,69,11407.8662109375
1617032291.1218107,79,11407.78515625
1617039585.9356997,89,11407.7470703125
1617046879.157231,99,11407.591796875
