Wall time,Step,Value
1614375478.3760207,9,11418.7685546875
1614376756.659786,19,11412.8076171875
1614378034.0030224,29,11411.318359375
1614379310.5092452,39,11410.9443359375
1614380588.2582371,49,11410.8095703125
1614381865.3868616,59,11410.6591796875
1614383143.3158135,69,11410.4951171875
1614384421.0668905,79,11410.365234375
1614385698.81079,89,11410.322265625
1614386977.2028844,99,11410.201171875
