Wall time,Step,Value
1615363217.3138847,9,11415.5732421875
1615367642.6066651,19,11411.0205078125
1615372067.4625278,29,11409.83203125
1615376500.378811,39,11409.54296875
1615380933.7547896,49,11409.4462890625
1615385368.5584745,59,11409.3212890625
1615389800.1005692,69,11409.2705078125
1615394228.2879314,79,11409.1044921875
1615398649.1624658,89,11409.0927734375
1615403069.6567948,99,11408.9638671875
