Wall time,Step,Value
1617645664.021747,9,11418.744140625
1617646676.9996145,19,11414.849609375
1617647689.9156406,29,11412.9580078125
1617648702.4097445,39,11412.17578125
1617649714.7056887,49,11411.837890625
1617650726.878886,59,11411.1220703125
1617651738.7470963,69,11409.9306640625
1617652750.4063098,79,11410.5458984375
1617653761.5722427,89,11409.71484375
1617654772.794051,99,11409.380859375
