Wall time,Step,Value
1617681439.6468043,9,11419.1669921875
1617682711.5129008,19,11413.80859375
1617683983.2985895,29,11412.0498046875
1617685254.2410092,39,11411.6865234375
1617686525.1569905,49,11411.5244140625
1617687797.046709,59,11411.3994140625
1617689069.3121588,69,11411.19140625
1617690340.9944358,79,11411.140625
1617691613.119768,89,11411.0615234375
1617692884.9765248,99,11410.8896484375
