Wall time,Step,Value
1615318956.433518,9,11415.4541015625
1615323358.3182223,19,11410.384765625
1615327757.8628457,29,11409.3134765625
1615332170.1495626,39,11409.0439453125
1615336580.8796337,49,11408.85546875
1615341016.5213008,59,11408.771484375
1615345456.9232736,69,11408.6982421875
1615349900.3274288,79,11408.6005859375
1615354330.8065965,89,11408.4736328125
1615358787.3455215,99,11408.474609375
