Wall time,Step,Value
1614450339.8754213,9,11419.755859375
1614452756.7788346,19,11412.166015625
1614455171.6790917,29,11410.5537109375
1614457588.879308,39,11410.0947265625
1614460005.8934422,49,11409.958984375
1614462422.611713,59,11409.802734375
1614464840.4265811,69,11409.626953125
1614467258.3905475,79,11409.46875
1614469675.0737956,89,11409.361328125
1614472090.9851847,99,11409.2724609375
